<WaNoTemplate>
 <WaNoRoot name="DihedralParametrizer3">
  <WaNoFile logical_filename="molecule.pdb" name="Molecule_pdb" local="False">Parametrizer3/outputs/molecule.pdb</WaNoFile>
  <WaNoFile logical_filename="molecule.spf" name="Molecule_spf" local="False">Parametrizer3/outputs/molecule.spf</WaNoFile>  
  <WaNoDictBox name="DFT_options">
   <WaNoDropDown name="Engine">
    <Entry id="0">DFTBplus</Entry>
    <Entry id="1">XTBEngine</Entry>
    <Entry id="2" chosen="True">Turbomole</Entry>
   </WaNoDropDown>
    <WaNoDropDown visibility_condition="'%s' == 'Turbomole'" visibility_var_path="DFT_options.Engine" name="Functional">
        <Entry id="0">SVWN</Entry>
        <Entry id="1">SVWN_Gaussian</Entry>
        <Entry id="2">PWLDA</Entry>
        <Entry id="3">BLYP</Entry>
        <Entry id="4">BVWN</Entry>
        <Entry id="5" chosen="True">BP86</Entry>
        <Entry id="6">PBE</Entry>
        <Entry id="7">TPSS</Entry>
        <Entry id="8">BHLYP</Entry>
        <Entry id="9">B3LYP</Entry>
        <Entry id="10">B3LYP_Gaussian</Entry>
        <Entry id="11">PBE0</Entry>
        <Entry id="12">TPSSH</Entry>
        <Entry id="13">PW6B95</Entry>
        <Entry id="14">M06</Entry>
        <Entry id="15">M06-1</Entry>
        <Entry id="16">M06-2X</Entry>
        <Entry id="17">B2PLYP</Entry>
        <Entry id="18">wB97</Entry>
        <Entry id="19">wB97X</Entry>
        <Entry id="20">CAM-B3LYP</Entry>
    </WaNoDropDown>
    <WaNoDropDown visibility_condition="'%s' == 'Turbomole'" visibility_var_path="DFT_options.Engine" name="Basis">
        <Entry id="0">STO-3G</Entry>
        <Entry id="1">4-31g hondo</Entry>
        <Entry id="2">6-31g hondo</Entry>
        <Entry id="3">3-21g hondo</Entry>
        <Entry id="4">6-31G</Entry>
        <Entry id="5">6-31G*</Entry>
        <Entry id="6">6-31G**</Entry>
        <Entry id="7">6-311G</Entry>
        <Entry id="8">6-311G*</Entry>
        <Entry id="9">6-311G**</Entry>
        <Entry id="10">6-311++G**</Entry>
        <Entry id="11">DZ</Entry>
        <Entry id="12">DZP</Entry>
        <Entry id="13">TZ</Entry>
        <Entry id="14">TZP</Entry>
        <Entry id="15">TZV</Entry>
        <Entry id="16">TZVP</Entry>
        <Entry id="17">TZVPP</Entry>
        <Entry id="18">TZVPPP</Entry>
        <Entry id="19">QZV</Entry>
        <Entry id="20">QZVP</Entry>
        <Entry id="21">SV</Entry>
        <Entry id="22">SVP</Entry>
        <Entry id="23">SV(P)</Entry>
        <Entry id="24">def-SVP</Entry>
        <Entry id="25">def-SV(P)</Entry>
        <Entry id="26">def-TZVP</Entry>
        <Entry id="27">def-TZVPP</Entry>
        <Entry id="28">def-QZVP</Entry>
        <Entry id="29">def-QZVPP</Entry>
        <Entry id="30" chosen="True">def2-SVP</Entry>
        <Entry id="31">def2-SV(P)</Entry>
        <Entry id="32">def2-TZVP</Entry>
        <Entry id="33">def2-TZVPP</Entry>
        <Entry id="34">def2-SZVPD</Entry>
        <Entry id="35">def2-TZVPD</Entry>
        <Entry id="36">def2-TZVPPD</Entry>
        <Entry id="37">def2-QZVPD</Entry>
        <Entry id="38">def2-QZVPPD</Entry>
        <Entry id="39">dhf-SV(P)</Entry>
        <Entry id="40">dhf-SVP</Entry>
        <Entry id="41">dhf-TZVP</Entry>
        <Entry id="42">dhf-TZVPP</Entry>
        <Entry id="43">dhf-QZVP</Entry>
        <Entry id="44">dhf-QZVPP</Entry>
        <Entry id="45">cc-pVDZ</Entry>
        <Entry id="46">aug-cc-pVDZ</Entry>
        <Entry id="47">cc-pwVDZ</Entry>
        <Entry id="48">aug-cc-pwVDZ</Entry>
        <Entry id="49">cc-pVTZ</Entry>
        <Entry id="50">aug-cc-pVTZ</Entry>
        <Entry id="51">cc-pwVTZ</Entry>
        <Entry id="52">aug-cc-pwVTZ</Entry>
        <Entry id="53">cc-pVQZ</Entry>
        <Entry id="54">aug-cc-pVQZ</Entry>
        <Entry id="55">cc-pwVQZ</Entry>
        <Entry id="56">aug-cc-pwVQ</Entry>
        <Entry id="57">nm-SVPP</Entry>
    </WaNoDropDown>
    </WaNoDictBox>
    <WaNoInt name="DH_scan_steps">20</WaNoInt>
    <WaNoInt name="parallel_DH_scans">4</WaNoInt>
    <WaNoInt name="scf_iter">3</WaNoInt>
  <WaNoBool name="show DHP scan relaxation options">False</WaNoBool>
  <WaNoDictBox visibility_condition="%s == True" visibility_var_path="show DHP scan relaxation options" name="DH_scan_relax_options">
     <WaNoInt name="T_init">1000</WaNoInt>
     <WaNoInt name="T_acc">5</WaNoInt>
    <WaNoFloat name="dphi">0.2</WaNoFloat>
    <WaNoInt name="mc_steps">500</WaNoInt>
  </WaNoDictBox>
    <WaNoDictBox name="forcefield_optimization">
    <WaNoBool name="optimize">True</WaNoBool>
    <WaNoDropDown name="train_set_generation">
        <Entry id="0" chosen="True">vacuum_wide</Entry>
        <Entry id="1">from_deposit</Entry>
        <Entry id="2">from_file</Entry>
    </WaNoDropDown>
    <WaNoFile visibility_condition="'%s' == 'from_deposit'" visibility_var_path="forcefield_optimization.train_set_generation" logical_filename="restartfile.zip" name="deposit restartfile" local="True">Put file here</WaNoFile>
    <WaNoFile visibility_condition="'%s' == 'from_file'" visibility_var_path="forcefield_optimization.train_set_generation" logical_filename="input_train_data.npz" name="train_data_file" local="True">Put file here</WaNoFile>
    <WaNoInt visibility_condition="'%s' == 'vacuum_wide'" visibility_var_path="forcefield_optimization.train_set_generation" name="no_samples">1000</WaNoInt>
    <WaNoDictBox visibility_condition="'%s' == 'vacuum_wide'" visibility_var_path="forcefield_optimization.train_set_generation" name="sampling">
      <WaNoFloat name="T_acc">500.0</WaNoFloat>
    </WaNoDictBox>
  </WaNoDictBox>
 </WaNoRoot>
 <WaNoExecCommand>bash ./dihedral_parametrizer_3.sh</WaNoExecCommand>
 <WaNoInputFiles>
   <WaNoInputFile logical_filename="dihedral_parametrizer_3.sh">dihedral_parametrizer_3.sh</WaNoInputFile>
   <WaNoInputFile logical_filename="report_template.body">report_template.body</WaNoInputFile>
 </WaNoInputFiles>
 <WaNoOutputFiles>
    <WaNoOutputFile>molecule.pdb</WaNoOutputFile>
    <WaNoOutputFile>dihedral_forcefield.spf</WaNoOutputFile>
    <WaNoOutputFile>output_dict.yml</WaNoOutputFile>
 </WaNoOutputFiles>
</WaNoTemplate>
