<WaNoTemplate>
    <WaNoRoot name="QuantumPatch3">
        <WaNoTabs name="Tabs">
            <WaNoGroup name="General">
                <WaNoDictBox name="General Settings">
                    <WaNoFile logical_filename="morphology.cml" name="Morphology" local="False">Deposit3/outputs/structurePBC.cml</WaNoFile>
                    <WaNoBool name="Run QuantumPatch">True</WaNoBool>
                    <WaNoDropDown visibility_condition="%s == True" visibility_var_path="Tabs.General.General Settings.Run QuantumPatch" name="QuantumPatch Type">
                        <Entry id="0" chosen="True">Polarized</Entry>
                        <Entry id="1">Polaron/Exciton</Entry>
                        <Entry id="2">Matrix EAIP</Entry>
                        <Entry id="3">Absorption</Entry>
                    </WaNoDropDown>
                    <WaNoBool visibility_condition="'%s' == 'Matrix EAIP'" visibility_var_path="Tabs.General.General Settings.QuantumPatch Type" name="Include in-matrix Lambda Calculation">True</WaNoBool>
                    <WaNoBool visibility_condition="%s == True" visibility_var_path="Tabs.General.General Settings.Run QuantumPatch" name="Calculate Js">True</WaNoBool>
                    <WaNoInt visibility_condition="%s == True" visibility_var_path="Tabs.General.General Settings.Run QuantumPatch" name="Higher Order Js">7</WaNoInt>
                    <WaNoBool name="Include in-vacuo Lambda/EA/IP Calculation">False</WaNoBool>
                    <WaNoFloat name="Charge Damping">0.15</WaNoFloat>
                </WaNoDictBox>
                <WaNoMultipleOf name="Molecular States">
                    <Entry id="0">
                        <WaNoDictBox name="State">
                            <WaNoInt name="Charge">1</WaNoInt>
                            <WaNoInt name="Multiplicity">2</WaNoInt>
                            <WaNoInt name="Excited State of Interest">0.0</WaNoInt>
                            <WaNoInt name="Roots">0.0</WaNoInt>
                        </WaNoDictBox>
                    </Entry>
                    <Entry id="1">
                        <WaNoDictBox name="State">
                            <WaNoInt name="Charge">-1</WaNoInt>
                            <WaNoInt name="Multiplicity">2</WaNoInt>
                            <WaNoInt name="Excited State of Interest">0.0</WaNoInt>
                            <WaNoInt name="Roots">0.0</WaNoInt>
                        </WaNoDictBox>
                    </Entry>
                </WaNoMultipleOf>
            </WaNoGroup>
            <WaNoGroup name="Engines">
                <WaNoMultipleOf name="DFT Engines">
                    <Entry id="0">
                        <WaNoString name="Name">TMEnv</WaNoString>
                        <WaNoDropDown name="Engine">
                            <Entry id="0" chosen="True">Turbomole</Entry>
                            <Entry id="1">Psi4</Entry>
                            <Entry id="2">DFTB+</Entry>
                            <Entry id="3">XTBEngine</Entry>
                        </WaNoDropDown>
                        <WaNoBool name="Fallback">False</WaNoBool>
                        <WaNoDynamicDropDown visibility_var_path="Tabs.Engines.DFT Engines.{{ path[3] }}.Fallback" visibility_condition="'%s' == 'True'" name="Fallback Engine" collection_path="Tabs.Engines.DFT Engines" subpath="Name" chosen="0"/>
                        <WaNoDictBox visibility_condition="'%s' == 'Turbomole'" visibility_var_path="Tabs.Engines.DFT Engines.{{ path[3] }}.Engine" name="Turbomole Settings">
                            <WaNoDropDown name="Partial Charge Method">
                                <Entry id="0" chosen="True">ESP</Entry>
                                <Entry id="1">Mulliken</Entry>
                            </WaNoDropDown>
                            <WaNoBool name="D3(BJ) Dispersion Correction">False</WaNoBool>
                            <WaNoDropDown name="Functional">
                                <Entry id="0">SVWN</Entry>
                                <Entry id="1">SVWN_Gaussian</Entry>
                                <Entry id="2">PWLDA</Entry>
                                <Entry id="3">BLYP</Entry>
                                <Entry id="4">BVWN</Entry>
                                <Entry id="5" chosen="True">BP86</Entry>
                                <Entry id="6">PBE</Entry>
                                <Entry id="7">TPSS</Entry>
                                <Entry id="8">BHLYP</Entry>
                                <Entry id="9">B3LYP</Entry>
                                <Entry id="10">B3LYP_Gaussian</Entry>
                                <Entry id="11">PBE0</Entry>
                                <Entry id="12">TPSSH</Entry>
                                <Entry id="13">PW6B95</Entry>
                                <Entry id="14">M06</Entry>
                                <Entry id="15">M06-1</Entry>
                                <Entry id="16">M06-2X</Entry>
                                <Entry id="17">B2PLYP</Entry>
                                <Entry id="18">wB97</Entry>
                                <Entry id="19">wB97X</Entry>
                                <Entry id="20">CAM-B3LYP</Entry>
                                <Entry id="21">wPBEH_own</Entry> 
                                <Entry id="22">wPBE_own</Entry> 
                                <Entry id="23">CAM-B3LYP_own</Entry> 
                            </WaNoDropDown>
                            <WaNoDropDown name="Basis">
                                <Entry id="0">STO-3G</Entry>
                                <Entry id="1">4-31g hondo</Entry>
                                <Entry id="2">6-31g hondo</Entry>
                                <Entry id="3">3-21g hondo</Entry>
                                <Entry id="4">6-31G</Entry>
                                <Entry id="5">6-31G*</Entry>
                                <Entry id="6">6-31G**</Entry>
                                <Entry id="7">6-311G</Entry>
                                <Entry id="8">6-311G*</Entry>
                                <Entry id="9">6-311G**</Entry>
                                <Entry id="10">6-311++G**</Entry>
                                <Entry id="11">DZ</Entry>
                                <Entry id="12">DZP</Entry>
                                <Entry id="13">TZ</Entry>
                                <Entry id="14">TZP</Entry>
                                <Entry id="15">TZV</Entry>
                                <Entry id="16">TZVP</Entry>
                                <Entry id="17">TZVPP</Entry>
                                <Entry id="18">TZVPPP</Entry>
                                <Entry id="19">QZV</Entry>
                                <Entry id="20">QZVP</Entry>
                                <Entry id="21">SV</Entry>
                                <Entry id="22">SVP</Entry>
                                <Entry id="23">SV(P)</Entry>
                                <Entry id="24">def-SVP</Entry>
                                <Entry id="25">def-SV(P)</Entry>
                                <Entry id="26">def-TZVP</Entry>
                                <Entry id="27">def-TZVPP</Entry>
                                <Entry id="28">def-QZVP</Entry>
                                <Entry id="29">def-QZVPP</Entry>
                                <Entry id="30" chosen="True">def2-SVP</Entry>
                                <Entry id="31">def2-SV(P)</Entry>
                                <Entry id="32">def2-TZVP</Entry>
                                <Entry id="33">def2-TZVPP</Entry>
                                <Entry id="34">def2-SZVPD</Entry>
                                <Entry id="35">def2-TZVPD</Entry>
                                <Entry id="36">def2-TZVPPD</Entry>
                                <Entry id="37">def2-QZVPD</Entry>
                                <Entry id="38">def2-QZVPPD</Entry>
                                <Entry id="39">dhf-SV(P)</Entry>
                                <Entry id="40">dhf-SVP</Entry>
                                <Entry id="41">dhf-TZVP</Entry>
                                <Entry id="42">dhf-TZVPP</Entry>
                                <Entry id="43">dhf-QZVP</Entry>
                                <Entry id="44">dhf-QZVPP</Entry>
                                <Entry id="45">cc-pVDZ</Entry>
                                <Entry id="46">aug-cc-pVDZ</Entry>
                                <Entry id="47">cc-pwVDZ</Entry>
                                <Entry id="48">aug-cc-pwVDZ</Entry>
                                <Entry id="49">cc-pVTZ</Entry>
                                <Entry id="50">aug-cc-pVTZ</Entry>
                                <Entry id="51">cc-pwVTZ</Entry>
                                <Entry id="52">aug-cc-pwVTZ</Entry>
                                <Entry id="53">cc-pVQZ</Entry>
                                <Entry id="54">aug-cc-pVQZ</Entry>
                                <Entry id="55">cc-pwVQZ</Entry>
                                <Entry id="56">aug-cc-pwVQ</Entry>
                                <Entry id="57">nm-SVPP</Entry>
                            </WaNoDropDown>
                            <WaNoDropDown name="SCF Convergence">
                                <Entry id="0" chosen="True">normal</Entry>
                                <Entry id="1">tight</Entry>
                                <Entry id="2">extreme</Entry>
                                <Entry id="3">superextreme</Entry>
                            </WaNoDropDown>
                            <WaNoDropDown name="Geometry Convergence">
                             <Entry id="0" chosen="True">normal</Entry>
                             <Entry id="1">tight</Entry>
                             <Entry id="2">extreme</Entry>
                            </WaNoDropDown>
                            <WaNoDictBox visibility_condition="'%s' in ['wPBE_own','wPBEH_own','CAM-B3LYP_own']" visibility_var_path="Tabs.Engines.DFT Engines.{{ path[3] }}.Turbomole Settings.Functional" name="rangesep">
                             <WaNoFloat name="alpha">0.0</WaNoFloat>
                             <WaNoFloat name="beta">1.0</WaNoFloat>
                             <WaNoFloat name="w">0.1</WaNoFloat>
                            </WaNoDictBox>
                            <WaNoInt name="Threads">1</WaNoInt>
                            <WaNoInt name="Memory (MB)">1500</WaNoInt>
                        </WaNoDictBox>
                        <WaNoDictBox visibility_condition="'%s' == 'Psi4'" visibility_var_path="Tabs.Engines.DFT Engines.{{ path[3] }}.Engine" name="Psi4 Settings">
                            <WaNoDropDown name="Partial Charge Method">
                                <Entry id="0" chosen="True">ESP</Entry>
                                <Entry id="1">Mulliken</Entry>
                            </WaNoDropDown>
                            <WaNoBool name="D3(BJ) Dispersion Correction">False</WaNoBool>
                            <WaNoDropDown name="Functional">
                                <Entry id="0">B1LYP</Entry>
                                <Entry id="1">B2GPPLYP</Entry>
                                <Entry id="2">B2PLYP</Entry>
                                <Entry id="3">B3LYP</Entry>
                                <Entry id="4">BLYP</Entry>
                                <Entry id="5" chosen="True">BP86</Entry>
                                <Entry id="6">CAM-B3LYP</Entry>
                                <Entry id="7">HSE06</Entry>
                                <Entry id="8">M11</Entry>
                                <Entry id="9">M11-L</Entry>
                                <Entry id="10">PBE</Entry>
                                <Entry id="11">REVPBE</Entry>
                                <Entry id="12">PBE0</Entry>
                                <Entry id="13">REVPBE0</Entry>
                                <Entry id="14">PW91</Entry>
                                <Entry id="15">TPSS</Entry>
                                <Entry id="16">TPSSH</Entry>
                                <Entry id="17">REVTPSSH</Entry>
                                <Entry id="18">WPBE</Entry>
                                <Entry id="19">X3LYP</Entry>
                                <Entry id="20">XLYP</Entry>
                            </WaNoDropDown>
                            <WaNoDropDown name="Basis">
                                <Entry id="0" chosen="True">STO-3G</Entry>
                                <Entry id="1">3-21G</Entry>
                                <Entry id="2">6-31G</Entry>
                                <Entry id="3">6-31G*</Entry>
                                <Entry id="4">6-31G**</Entry>
                                <Entry id="5">6-31+G</Entry>
                                <Entry id="6">6-31+G*</Entry>
                                <Entry id="7">6-31+G**</Entry>
                                <Entry id="8">6-31++G</Entry>
                                <Entry id="9">6-31++G*</Entry>
                                <Entry id="10">6-31++G**</Entry>
                                <Entry id="11">6-311G</Entry>
                                <Entry id="12">6-311G*</Entry>
                                <Entry id="13">6-311G**</Entry>
                                <Entry id="14">6-311+G</Entry>
                                <Entry id="15">6-311+G*</Entry>
                                <Entry id="16">6-311+G**</Entry>
                                <Entry id="17">6-311++G</Entry>
                                <Entry id="18">6-311++G*</Entry>
                                <Entry id="19">6-311++G**</Entry>
                                <Entry id="20">def2-SV(P)</Entry>
                                <Entry id="21">def2-SVP</Entry>
                                <Entry id="22">def2-TZVP</Entry>
                                <Entry id="23">def2-TZVPP</Entry>
                                <Entry id="24">def2-QZVP</Entry>
                                <Entry id="25">def2-QZVPP</Entry>
                                <Entry id="26">cc-pVDZ</Entry>
                                <Entry id="27">cc-pVTZ</Entry>
                                <Entry id="28">cc-pVQZ</Entry>
                                <Entry id="29">aug-cc-pVDZ</Entry>
                                <Entry id="30">aug-cc-pVTZ</Entry>
                                <Entry id="31">aug-cc-pVQZ</Entry>
                            </WaNoDropDown>
                            <WaNoInt name="Threads">1</WaNoInt>
                            <WaNoInt name="Memory (MB)">1500</WaNoInt>
                        </WaNoDictBox>
                        <WaNoDictBox visibility_condition="'%s' == 'DFTB+'" visibility_var_path="Tabs.Engines.DFT Engines.{{ path[3] }}.Engine" name="DFTB+ Settings">
                            <WaNoDropDown name="Partial Charge Method">
                                <Entry id="0" chosen="True">CM5</Entry>
                                <Entry id="1">Mulliken</Entry>
                            </WaNoDropDown>
                            <WaNoBool name="D3(BJ) Dispersion Correction">False</WaNoBool>
                            <WaNoInt name="Threads">1</WaNoInt>
                            <WaNoInt name="Memory (MB)">1500</WaNoInt>
                        </WaNoDictBox>
                        <WaNoDictBox visibility_condition="'%s' == 'XTBEngine'" visibility_var_path="Tabs.Engines.DFT Engines.{{ path[3] }}.Engine" name="XTBEngine Settings">
                            <WaNoDropDown name="Partial Charge Method">
                                <Entry id="0" chosen="True">CM5</Entry>
                                <Entry id="1">Mulliken</Entry>
                            </WaNoDropDown>
                            <WaNoInt name="Threads">1</WaNoInt>
                            <WaNoInt name="Memory (MB)">1500</WaNoInt>
                        </WaNoDictBox>
                    </Entry>
                    <Entry id="1">
                        <WaNoString name="Name">TMCore</WaNoString>
                        <WaNoDropDown name="Engine">
                            <Entry id="0" chosen="True">Turbomole</Entry>
                            <Entry id="1">Psi4</Entry>
                            <Entry id="2">DFTB+</Entry>
                            <Entry id="3">XTBEngine</Entry>
                        </WaNoDropDown>
                        <WaNoBool name="Fallback">False</WaNoBool>
                        <WaNoDynamicDropDown visibility_var_path="Tabs.Engines.DFT Engines.{{ path[3] }}.Fallback" visibility_condition="'%s' == 'True'" name="Fallback Engine" collection_path="Tabs.Engines.DFT Engines" subpath="Name" chosen="0"/>
                        <WaNoDictBox visibility_condition="'%s' == 'Turbomole'" visibility_var_path="Tabs.Engines.DFT Engines.{{ path[3] }}.Engine" name="Turbomole Settings">
                            <WaNoDropDown name="Partial Charge Method">
                                <Entry id="0" chosen="True">ESP</Entry>
                                <Entry id="1">Mulliken</Entry>
                            </WaNoDropDown>
                            <WaNoBool name="D3(BJ) Dispersion Correction">False</WaNoBool>
                            <WaNoDropDown name="Functional">
                                <Entry id="0">SVWN</Entry>
                                <Entry id="1">SVWN_Gaussian</Entry>
                                <Entry id="2">PWLDA</Entry>
                                <Entry id="3">BLYP</Entry>
                                <Entry id="4">BVWN</Entry>
                                <Entry id="5">BP86</Entry>
                                <Entry id="6">PBE</Entry>
                                <Entry id="7">TPSS</Entry>
                                <Entry id="8">BHLYP</Entry>
                                <Entry id="9" chosen="True">B3LYP</Entry>
                                <Entry id="10">B3LYP_Gaussian</Entry>
                                <Entry id="11">PBE0</Entry>
                                <Entry id="12">TPSSH</Entry>
                                <Entry id="13">PW6B95</Entry>
                                <Entry id="14">M06</Entry>
                                <Entry id="15">M06-1</Entry>
                                <Entry id="16">M06-2X</Entry>
                                <Entry id="17">B2PLYP</Entry>
                                <Entry id="18">wB97</Entry>
                                <Entry id="19">wB97X</Entry>
                                <Entry id="20">CAM-B3LYP</Entry>
                                <Entry id="21">wPBEH_own</Entry> 
                                <Entry id="22">wPBE_own</Entry> 
                                <Entry id="23">CAM-B3LYP_own</Entry> 
                            </WaNoDropDown>
                            <WaNoDropDown name="Basis">
                                <Entry id="0">STO-3G</Entry>
                                <Entry id="1">4-31g hondo</Entry>
                                <Entry id="2">6-31g hondo</Entry>
                                <Entry id="3">3-21g hondo</Entry>
                                <Entry id="4">6-31G</Entry>
                                <Entry id="5">6-31G*</Entry>
                                <Entry id="6">6-31G**</Entry>
                                <Entry id="7">6-311G</Entry>
                                <Entry id="8">6-311G*</Entry>
                                <Entry id="9">6-311G**</Entry>
                                <Entry id="10">6-311++G**</Entry>
                                <Entry id="11">DZ</Entry>
                                <Entry id="12">DZP</Entry>
                                <Entry id="13">TZ</Entry>
                                <Entry id="14">TZP</Entry>
                                <Entry id="15">TZV</Entry>
                                <Entry id="16">TZVP</Entry>
                                <Entry id="17">TZVPP</Entry>
                                <Entry id="18">TZVPPP</Entry>
                                <Entry id="19">QZV</Entry>
                                <Entry id="20">QZVP</Entry>
                                <Entry id="21">SV</Entry>
                                <Entry id="22">SVP</Entry>
                                <Entry id="23">SV(P)</Entry>
                                <Entry id="24">def-SVP</Entry>
                                <Entry id="25">def-SV(P)</Entry>
                                <Entry id="26">def-TZVP</Entry>
                                <Entry id="27">def-TZVPP</Entry>
                                <Entry id="28">def-QZVP</Entry>
                                <Entry id="29">def-QZVPP</Entry>
                                <Entry id="30" chosen="True">def2-SVP</Entry>
                                <Entry id="31">def2-SV(P)</Entry>
                                <Entry id="32">def2-TZVP</Entry>
                                <Entry id="33">def2-TZVPP</Entry>
                                <Entry id="34">def2-SZVPD</Entry>
                                <Entry id="35">def2-TZVPD</Entry>
                                <Entry id="36">def2-TZVPPD</Entry>
                                <Entry id="37">def2-QZVPD</Entry>
                                <Entry id="38">def2-QZVPPD</Entry>
                                <Entry id="39">dhf-SV(P)</Entry>
                                <Entry id="40">dhf-SVP</Entry>
                                <Entry id="41">dhf-TZVP</Entry>
                                <Entry id="42">dhf-TZVPP</Entry>
                                <Entry id="43">dhf-QZVP</Entry>
                                <Entry id="44">dhf-QZVPP</Entry>
                                <Entry id="45">cc-pVDZ</Entry>
                                <Entry id="46">aug-cc-pVDZ</Entry>
                                <Entry id="47">cc-pwVDZ</Entry>
                                <Entry id="48">aug-cc-pwVDZ</Entry>
                                <Entry id="49">cc-pVTZ</Entry>
                                <Entry id="50">aug-cc-pVTZ</Entry>
                                <Entry id="51">cc-pwVTZ</Entry>
                                <Entry id="52">aug-cc-pwVTZ</Entry>
                                <Entry id="53">cc-pVQZ</Entry>
                                <Entry id="54">aug-cc-pVQZ</Entry>
                                <Entry id="55">cc-pwVQZ</Entry>
                                <Entry id="56">aug-cc-pwVQ</Entry>
                                <Entry id="57">nm-SVPP</Entry>
                            </WaNoDropDown>
                            <WaNoDropDown name="SCF Convergence">
                                <Entry id="0" chosen="True">normal</Entry>
                                <Entry id="1">tight</Entry>
                                <Entry id="2">extreme</Entry>
                                <Entry id="3">superextreme</Entry>
                            </WaNoDropDown>
                            <WaNoDropDown name="Geometry Convergence">
                             <Entry id="0" chosen="True">normal</Entry>
                             <Entry id="1">tight</Entry>
                             <Entry id="2">extreme</Entry>
                            </WaNoDropDown>
                            <WaNoDictBox visibility_condition="'%s' in ['wPBE_own','wPBEH_own','CAM-B3LYP_own']" visibility_var_path="Tabs.Engines.DFT Engines.{{ path[3] }}.Turbomole Settings.Functional" name="rangesep">
                             <WaNoFloat name="alpha">0.0</WaNoFloat>
                             <WaNoFloat name="beta">1.0</WaNoFloat>
                             <WaNoFloat name="w">0.1</WaNoFloat>
                            </WaNoDictBox>
                            <WaNoInt name="Threads">1</WaNoInt>
                            <WaNoInt name="Memory (MB)">1500</WaNoInt>
                        </WaNoDictBox>
                        <WaNoDictBox visibility_condition="'%s' == 'Psi4'" visibility_var_path="Tabs.Engines.DFT Engines.{{ path[3] }}.Engine" name="Psi4 Settings">
                            <WaNoDropDown name="Partial Charge Method">
                                <Entry id="0" chosen="True">ESP</Entry>
                                <Entry id="1">Mulliken</Entry>
                            </WaNoDropDown>
                            <WaNoBool name="D3(BJ) Dispersion Correction">False</WaNoBool>
                            <WaNoDropDown name="Functional">
                                <Entry id="0">B1LYP</Entry>
                                <Entry id="1">B2GPPLYP</Entry>
                                <Entry id="2">B2PLYP</Entry>
                                <Entry id="3">B3LYP</Entry>
                                <Entry id="4">BLYP</Entry>
                                <Entry id="5" chosen="True">BP86</Entry>
                                <Entry id="6">CAM-B3LYP</Entry>
                                <Entry id="7">HSE06</Entry>
                                <Entry id="8">M11</Entry>
                                <Entry id="9">M11-L</Entry>
                                <Entry id="10">PBE</Entry>
                                <Entry id="11">REVPBE</Entry>
                                <Entry id="12">PBE0</Entry>
                                <Entry id="13">REVPBE0</Entry>
                                <Entry id="14">PW91</Entry>
                                <Entry id="15">TPSS</Entry>
                                <Entry id="16">TPSSH</Entry>
                                <Entry id="17">REVTPSSH</Entry>
                                <Entry id="18">WPBE</Entry>
                                <Entry id="19">X3LYP</Entry>
                                <Entry id="20">XLYP</Entry>
                            </WaNoDropDown>
                            <WaNoDropDown name="Basis">
                                <Entry id="0">STO-3G</Entry>
                                <Entry id="1">3-21G</Entry>
                                <Entry id="2">6-31G</Entry>
                                <Entry id="3">6-31G*</Entry>
                                <Entry id="4">6-31G**</Entry>
                                <Entry id="5">6-31+G</Entry>
                                <Entry id="6">6-31+G*</Entry>
                                <Entry id="7">6-31+G**</Entry>
                                <Entry id="8">6-31++G</Entry>
                                <Entry id="9">6-31++G*</Entry>
                                <Entry id="10">6-31++G**</Entry>
                                <Entry id="11">6-311G</Entry>
                                <Entry id="12">6-311G*</Entry>
                                <Entry id="13">6-311G**</Entry>
                                <Entry id="14">6-311+G</Entry>
                                <Entry id="15">6-311+G*</Entry>
                                <Entry id="16">6-311+G**</Entry>
                                <Entry id="17">6-311++G</Entry>
                                <Entry id="18">6-311++G*</Entry>
                                <Entry id="19">6-311++G**</Entry>
                                <Entry id="20">def2-SV(P)</Entry>
                                <Entry id="21" chosen="True">def2-SVP</Entry>
                                <Entry id="22">def2-TZVP</Entry>
                                <Entry id="23">def2-TZVPP</Entry>
                                <Entry id="24">def2-QZVP</Entry>
                                <Entry id="25">def2-QZVPP</Entry>
                                <Entry id="26">cc-pVDZ</Entry>
                                <Entry id="27">cc-pVTZ</Entry>
                                <Entry id="28">cc-pVQZ</Entry>
                                <Entry id="29">aug-cc-pVDZ</Entry>
                                <Entry id="30">aug-cc-pVTZ</Entry>
                                <Entry id="31">aug-cc-pVQZ</Entry>
                            </WaNoDropDown>
                            <WaNoInt name="Threads">1</WaNoInt>
                            <WaNoInt name="Memory (MB)">1500</WaNoInt>
                        </WaNoDictBox>
                        <WaNoDictBox visibility_condition="'%s' == 'DFTB+'" visibility_var_path="Tabs.Engines.DFT Engines.{{ path[3] }}.Engine" name="DFTB+ Settings">
                            <WaNoDropDown name="Partial Charge Method">
                                <Entry id="0" chosen="True">CM5</Entry>
                                <Entry id="1">Mulliken</Entry>
                            </WaNoDropDown>
                            <WaNoBool name="D3(BJ) Dispersion Correction">False</WaNoBool>
                            <WaNoInt name="Threads">1</WaNoInt>
                            <WaNoInt name="Memory (MB)">1500</WaNoInt>
                        </WaNoDictBox>
                        <WaNoDictBox visibility_condition="'%s' == 'XTBEngine'" visibility_var_path="Tabs.Engines.DFT Engines.{{ path[3] }}.Engine" name="XTBEngine Settings">
                            <WaNoDropDown name="Partial Charge Method">
                                <Entry id="0" chosen="True">CM5</Entry>
                                <Entry id="1">Mulliken</Entry>
                            </WaNoDropDown>
                            <WaNoInt name="Threads">1</WaNoInt>
                            <WaNoInt name="Memory (MB)">1500</WaNoInt>
                        </WaNoDictBox>
                       </Entry>
                    <Entry id="2">
                        <WaNoString name="Name">DFTB+ 1</WaNoString>
                        <WaNoDropDown name="Engine">
                            <Entry id="0">Turbomole</Entry>
                            <Entry id="1">Psi4</Entry>
                            <Entry id="2" chosen="True">DFTB+</Entry>
                            <Entry id="3">XTBEngine</Entry>                  
                        </WaNoDropDown>
                        <WaNoBool name="Fallback">True</WaNoBool>
                        <WaNoDynamicDropDown visibility_var_path="Tabs.Engines.DFT Engines.{{ path[3] }}.Fallback" visibility_condition="'%s' == 'True'" name="Fallback Engine" collection_path="Tabs.Engines.DFT Engines" subpath="Name" chosen="0"/>
                        <WaNoDictBox visibility_condition="'%s' == 'Turbomole'" visibility_var_path="Tabs.Engines.DFT Engines.{{ path[3] }}.Engine" name="Turbomole Settings">
                            <WaNoDropDown name="Partial Charge Method">
                                <Entry id="0" chosen="True">ESP</Entry>
                                <Entry id="1">Mulliken</Entry>
                            </WaNoDropDown>
                            <WaNoBool name="D3(BJ) Dispersion Correction">False</WaNoBool>
                            <WaNoDropDown name="Functional">
                                <Entry id="0">SVWN</Entry>
                                <Entry id="1">SVWN_Gaussian</Entry>
                                <Entry id="2">PWLDA</Entry>
                                <Entry id="3">BLYP</Entry>
                                <Entry id="4">BVWN</Entry>
                                <Entry id="5" chosen="True">BP86</Entry>
                                <Entry id="6">PBE</Entry>
                                <Entry id="7">TPSS</Entry>
                                <Entry id="8">BHLYP</Entry>
                                <Entry id="9">B3LYP</Entry>
                                <Entry id="10">B3LYP_Gaussian</Entry>
                                <Entry id="11">PBE0</Entry>
                                <Entry id="12">TPSSH</Entry>
                                <Entry id="13">PW6B95</Entry>
                                <Entry id="14">M06</Entry>
                                <Entry id="15">M06-1</Entry>
                                <Entry id="16">M06-2X</Entry>
                                <Entry id="17">B2PLYP</Entry>
                                <Entry id="18">wB97</Entry>
                                <Entry id="19">wB97X</Entry>
                                <Entry id="20">CAM-B3LYP</Entry>
                                <Entry id="21">wPBEH_own</Entry> 
                                <Entry id="22">wPBE_own</Entry> 
                                <Entry id="23">CAM-B3LYP_own</Entry> 
                            </WaNoDropDown>
                            <WaNoDropDown name="Basis">
                                <Entry id="0">STO-3G</Entry>
                                <Entry id="1">4-31g hondo</Entry>
                                <Entry id="2">6-31g hondo</Entry>
                                <Entry id="3">3-21g hondo</Entry>
                                <Entry id="4">6-31G</Entry>
                                <Entry id="5">6-31G*</Entry>
                                <Entry id="6">6-31G**</Entry>
                                <Entry id="7">6-311G</Entry>
                                <Entry id="8">6-311G*</Entry>
                                <Entry id="9">6-311G**</Entry>
                                <Entry id="10">6-311++G**</Entry>
                                <Entry id="11">DZ</Entry>
                                <Entry id="12">DZP</Entry>
                                <Entry id="13">TZ</Entry>
                                <Entry id="14">TZP</Entry>
                                <Entry id="15">TZV</Entry>
                                <Entry id="16">TZVP</Entry>
                                <Entry id="17">TZVPP</Entry>
                                <Entry id="18">TZVPPP</Entry>
                                <Entry id="19">QZV</Entry>
                                <Entry id="20">QZVP</Entry>
                                <Entry id="21">SV</Entry>
                                <Entry id="22">SVP</Entry>
                                <Entry id="23">SV(P)</Entry>
                                <Entry id="24">def-SVP</Entry>
                                <Entry id="25">def-SV(P)</Entry>
                                <Entry id="26">def-TZVP</Entry>
                                <Entry id="27">def-TZVPP</Entry>
                                <Entry id="28">def-QZVP</Entry>
                                <Entry id="29">def-QZVPP</Entry>
                                <Entry id="30" chosen="True">def2-SVP</Entry>
                                <Entry id="31">def2-SV(P)</Entry>
                                <Entry id="32">def2-TZVP</Entry>
                                <Entry id="33">def2-TZVPP</Entry>
                                <Entry id="34">def2-SZVPD</Entry>
                                <Entry id="35">def2-TZVPD</Entry>
                                <Entry id="36">def2-TZVPPD</Entry>
                                <Entry id="37">def2-QZVPD</Entry>
                                <Entry id="38">def2-QZVPPD</Entry>
                                <Entry id="39">dhf-SV(P)</Entry>
                                <Entry id="40">dhf-SVP</Entry>
                                <Entry id="41">dhf-TZVP</Entry>
                                <Entry id="42">dhf-TZVPP</Entry>
                                <Entry id="43">dhf-QZVP</Entry>
                                <Entry id="44">dhf-QZVPP</Entry>
                                <Entry id="45">cc-pVDZ</Entry>
                                <Entry id="46">aug-cc-pVDZ</Entry>
                                <Entry id="47">cc-pwVDZ</Entry>
                                <Entry id="48">aug-cc-pwVDZ</Entry>
                                <Entry id="49">cc-pVTZ</Entry>
                                <Entry id="50">aug-cc-pVTZ</Entry>
                                <Entry id="51">cc-pwVTZ</Entry>
                                <Entry id="52">aug-cc-pwVTZ</Entry>
                                <Entry id="53">cc-pVQZ</Entry>
                                <Entry id="54">aug-cc-pVQZ</Entry>
                                <Entry id="55">cc-pwVQZ</Entry>
                                <Entry id="56">aug-cc-pwVQ</Entry>
                                <Entry id="57">nm-SVPP</Entry>
                            </WaNoDropDown>
                            <WaNoDropDown name="SCF Convergence">
                                <Entry id="0" chosen="True">normal</Entry>
                                <Entry id="1">tight</Entry>
                                <Entry id="2">extreme</Entry>
                                <Entry id="3">superextreme</Entry>
                            </WaNoDropDown>
                            <WaNoDropDown name="Geometry Convergence">
                             <Entry id="0" chosen="True">normal</Entry>
                             <Entry id="1">tight</Entry>
                             <Entry id="2">extreme</Entry>
                            </WaNoDropDown>
                            <WaNoDictBox visibility_condition="'%s' in ['wPBE_own','wPBEH_own','CAM-B3LYP_own']" visibility_var_path="Tabs.Engines.DFT Engines.{{ path[3] }}.Turbomole Settings.Functional" name="rangesep">
                             <WaNoFloat name="alpha">0.0</WaNoFloat>
                             <WaNoFloat name="beta">1.0</WaNoFloat>
                             <WaNoFloat name="w">0.1</WaNoFloat>
                            </WaNoDictBox>
                            <WaNoInt name="Threads">1</WaNoInt>
                            <WaNoInt name="Memory (MB)">1500</WaNoInt>
                        </WaNoDictBox>
                        <WaNoDictBox visibility_condition="'%s' == 'Psi4'" visibility_var_path="Tabs.Engines.DFT Engines.{{ path[3] }}.Engine" name="Psi4 Settings">
                            <WaNoDropDown name="Partial Charge Method">
                                <Entry id="0" chosen="True">ESP</Entry>
                                <Entry id="1">Mulliken</Entry>
                            </WaNoDropDown>
                            <WaNoBool name="D3(BJ) Dispersion Correction">False</WaNoBool>
                            <WaNoDropDown name="Functional">
                                <Entry id="0">B1LYP</Entry>
                                <Entry id="1">B2GPPLYP</Entry>
                                <Entry id="2">B2PLYP</Entry>
                                <Entry id="3">B3LYP</Entry>
                                <Entry id="4">BLYP</Entry>
                                <Entry id="5" chosen="True">BP86</Entry>
                                <Entry id="6">CAM-B3LYP</Entry>
                                <Entry id="7">HSE06</Entry>
                                <Entry id="8">M11</Entry>
                                <Entry id="9">M11-L</Entry>
                                <Entry id="10">PBE</Entry>
                                <Entry id="11">REVPBE</Entry>
                                <Entry id="12">PBE0</Entry>
                                <Entry id="13">REVPBE0</Entry>
                                <Entry id="14">PW91</Entry>
                                <Entry id="15">TPSS</Entry>
                                <Entry id="16">TPSSH</Entry>
                                <Entry id="17">REVTPSSH</Entry>
                                <Entry id="18">WPBE</Entry>
                                <Entry id="19">X3LYP</Entry>
                                <Entry id="20">XLYP</Entry>
                            </WaNoDropDown>
                            <WaNoDropDown name="Basis">
                                <Entry id="0" chosen="True">STO-3G</Entry>
                                <Entry id="1">3-21G</Entry>
                                <Entry id="2">6-31G</Entry>
                                <Entry id="3">6-31G*</Entry>
                                <Entry id="4">6-31G**</Entry>
                                <Entry id="5">6-31+G</Entry>
                                <Entry id="6">6-31+G*</Entry>
                                <Entry id="7">6-31+G**</Entry>
                                <Entry id="8">6-31++G</Entry>
                                <Entry id="9">6-31++G*</Entry>
                                <Entry id="10">6-31++G**</Entry>
                                <Entry id="11">6-311G</Entry>
                                <Entry id="12">6-311G*</Entry>
                                <Entry id="13">6-311G**</Entry>
                                <Entry id="14">6-311+G</Entry>
                                <Entry id="15">6-311+G*</Entry>
                                <Entry id="16">6-311+G**</Entry>
                                <Entry id="17">6-311++G</Entry>
                                <Entry id="18">6-311++G*</Entry>
                                <Entry id="19">6-311++G**</Entry>
                                <Entry id="20">def2-SV(P)</Entry>
                                <Entry id="21">def2-SVP</Entry>
                                <Entry id="22">def2-TZVP</Entry>
                                <Entry id="23">def2-TZVPP</Entry>
                                <Entry id="24">def2-QZVP</Entry>
                                <Entry id="25">def2-QZVPP</Entry>
                                <Entry id="26">cc-pVDZ</Entry>
                                <Entry id="27">cc-pVTZ</Entry>
                                <Entry id="28">cc-pVQZ</Entry>
                                <Entry id="29">aug-cc-pVDZ</Entry>
                                <Entry id="30">aug-cc-pVTZ</Entry>
                                <Entry id="31">aug-cc-pVQZ</Entry>
                            </WaNoDropDown>
                            <WaNoInt name="Threads">1</WaNoInt>
                            <WaNoInt name="Memory (MB)">1500</WaNoInt>
                        </WaNoDictBox>
                        <WaNoDictBox visibility_condition="'%s' == 'DFTB+'" visibility_var_path="Tabs.Engines.DFT Engines.{{ path[3] }}.Engine" name="DFTB+ Settings">
                            <WaNoDropDown name="Partial Charge Method">
                                <Entry id="0" chosen="True">CM5</Entry>
                                <Entry id="1">Mulliken</Entry>
                            </WaNoDropDown>
                            <WaNoBool name="D3(BJ) Dispersion Correction">False</WaNoBool>
                            <WaNoInt name="Threads">1</WaNoInt>
                            <WaNoInt name="Memory (MB)">1500</WaNoInt>
                        </WaNoDictBox>
                        <WaNoDictBox visibility_condition="'%s' == 'XTBEngine'" visibility_var_path="Tabs.Engines.DFT Engines.{{ path[3] }}.Engine" name="XTBEngine Settings">
                            <WaNoDropDown name="Partial Charge Method">
                                <Entry id="0" chosen="True">CM5</Entry>
                                <Entry id="1">Mulliken</Entry>
                            </WaNoDropDown>
                            <WaNoInt name="Threads">1</WaNoInt>
                            <WaNoInt name="Memory (MB)">1500</WaNoInt>
                        </WaNoDictBox>
                    </Entry>
                          <Entry id="3">
                        <WaNoString name="Name">XTBEngine 1</WaNoString>
                        <WaNoDropDown name="Engine">
                            <Entry id="0">Turbomole</Entry>
                            <Entry id="1">Psi4</Entry>
                            <Entry id="2">DFTB+</Entry>
                            <Entry id="3" chosen="True">XTBEngine</Entry>                  
                        </WaNoDropDown>
                        <WaNoBool name="Fallback">False</WaNoBool>
                        <WaNoDynamicDropDown visibility_var_path="Tabs.Engines.DFT Engines.{{ path[3] }}.Fallback" visibility_condition="'%s' == 'True'" name="Fallback Engine" collection_path="Tabs.Engines.DFT Engines" subpath="Name" chosen="0"/>
                        <WaNoDictBox visibility_condition="'%s' == 'Turbomole'" visibility_var_path="Tabs.Engines.DFT Engines.{{ path[3] }}.Engine" name="Turbomole Settings">
                            <WaNoDropDown name="Partial Charge Method">
                                <Entry id="0" chosen="True">ESP</Entry>
                                <Entry id="1">Mulliken</Entry>
                            </WaNoDropDown>
                            <WaNoBool name="D3(BJ) Dispersion Correction">False</WaNoBool>
                            <WaNoDropDown name="Functional">
                                <Entry id="0">SVWN</Entry>
                                <Entry id="1">SVWN_Gaussian</Entry>
                                <Entry id="2">PWLDA</Entry>
                                <Entry id="3">BLYP</Entry>
                                <Entry id="4">BVWN</Entry>
                                <Entry id="5" chosen="True">BP86</Entry>
                                <Entry id="6">PBE</Entry>
                                <Entry id="7">TPSS</Entry>
                                <Entry id="8">BHLYP</Entry>
                                <Entry id="9">B3LYP</Entry>
                                <Entry id="10">B3LYP_Gaussian</Entry>
                                <Entry id="11">PBE0</Entry>
                                <Entry id="12">TPSSH</Entry>
                                <Entry id="13">PW6B95</Entry>
                                <Entry id="14">M06</Entry>
                                <Entry id="15">M06-1</Entry>
                                <Entry id="16">M06-2X</Entry>
                                <Entry id="17">B2PLYP</Entry>
                                <Entry id="18">wB97</Entry>
                                <Entry id="19">wB97X</Entry>
                                <Entry id="20">CAM-B3LYP</Entry>
                                <Entry id="21">wPBEH_own</Entry> 
                                <Entry id="22">wPBE_own</Entry> 
                                <Entry id="23">CAM-B3LYP_own</Entry> 
                            </WaNoDropDown>
                            <WaNoDropDown name="Basis">
                                <Entry id="0">STO-3G</Entry>
                                <Entry id="1">4-31g hondo</Entry>
                                <Entry id="2">6-31g hondo</Entry>
                                <Entry id="3">3-21g hondo</Entry>
                                <Entry id="4">6-31G</Entry>
                                <Entry id="5">6-31G*</Entry>
                                <Entry id="6">6-31G**</Entry>
                                <Entry id="7">6-311G</Entry>
                                <Entry id="8">6-311G*</Entry>
                                <Entry id="9">6-311G**</Entry>
                                <Entry id="10">6-311++G**</Entry>
                                <Entry id="11">DZ</Entry>
                                <Entry id="12">DZP</Entry>
                                <Entry id="13">TZ</Entry>
                                <Entry id="14">TZP</Entry>
                                <Entry id="15">TZV</Entry>
                                <Entry id="16">TZVP</Entry>
                                <Entry id="17">TZVPP</Entry>
                                <Entry id="18">TZVPPP</Entry>
                                <Entry id="19">QZV</Entry>
                                <Entry id="20">QZVP</Entry>
                                <Entry id="21">SV</Entry>
                                <Entry id="22">SVP</Entry>
                                <Entry id="23">SV(P)</Entry>
                                <Entry id="24">def-SVP</Entry>
                                <Entry id="25">def-SV(P)</Entry>
                                <Entry id="26">def-TZVP</Entry>
                                <Entry id="27">def-TZVPP</Entry>
                                <Entry id="28">def-QZVP</Entry>
                                <Entry id="29">def-QZVPP</Entry>
                                <Entry id="30" chosen="True">def2-SVP</Entry>
                                <Entry id="31">def2-SV(P)</Entry>
                                <Entry id="32">def2-TZVP</Entry>
                                <Entry id="33">def2-TZVPP</Entry>
                                <Entry id="34">def2-SZVPD</Entry>
                                <Entry id="35">def2-TZVPD</Entry>
                                <Entry id="36">def2-TZVPPD</Entry>
                                <Entry id="37">def2-QZVPD</Entry>
                                <Entry id="38">def2-QZVPPD</Entry>
                                <Entry id="39">dhf-SV(P)</Entry>
                                <Entry id="40">dhf-SVP</Entry>
                                <Entry id="41">dhf-TZVP</Entry>
                                <Entry id="42">dhf-TZVPP</Entry>
                                <Entry id="43">dhf-QZVP</Entry>
                                <Entry id="44">dhf-QZVPP</Entry>
                                <Entry id="45">cc-pVDZ</Entry>
                                <Entry id="46">aug-cc-pVDZ</Entry>
                                <Entry id="47">cc-pwVDZ</Entry>
                                <Entry id="48">aug-cc-pwVDZ</Entry>
                                <Entry id="49">cc-pVTZ</Entry>
                                <Entry id="50">aug-cc-pVTZ</Entry>
                                <Entry id="51">cc-pwVTZ</Entry>
                                <Entry id="52">aug-cc-pwVTZ</Entry>
                                <Entry id="53">cc-pVQZ</Entry>
                                <Entry id="54">aug-cc-pVQZ</Entry>
                                <Entry id="55">cc-pwVQZ</Entry>
                                <Entry id="56">aug-cc-pwVQ</Entry>
                                <Entry id="57">nm-SVPP</Entry>
                            </WaNoDropDown>
                            <WaNoDropDown name="SCF Convergence">
                                <Entry id="0" chosen="True">normal</Entry>
                                <Entry id="1">tight</Entry>
                                <Entry id="2">extreme</Entry>
                                <Entry id="3">superextreme</Entry>
                            </WaNoDropDown>
                            <WaNoDropDown name="Geometry Convergence">
                             <Entry id="0" chosen="True">normal</Entry>
                             <Entry id="1">tight</Entry>
                             <Entry id="2">extreme</Entry>
                            </WaNoDropDown>
                            <WaNoDictBox visibility_condition="'%s' in ['wPBE_own','wPBEH_own','CAM-B3LYP_own']" visibility_var_path="Tabs.Engines.DFT Engines.{{ path[3] }}.Turbomole Settings.Functional" name="rangesep">
                              <WaNoFloat name="alpha">0.0</WaNoFloat>
                              <WaNoFloat name="beta">1.0</WaNoFloat>
                              <WaNoFloat name="w">0.1</WaNoFloat>
                            </WaNoDictBox>
                            <WaNoInt name="Threads">1</WaNoInt>
                            <WaNoInt name="Memory (MB)">1500</WaNoInt>
                        </WaNoDictBox>
                        <WaNoDictBox visibility_condition="'%s' == 'Psi4'" visibility_var_path="Tabs.Engines.DFT Engines.{{ path[3] }}.Engine" name="Psi4 Settings">
                            <WaNoDropDown name="Partial Charge Method">
                                <Entry id="0" chosen="True">ESP</Entry>
                                <Entry id="1">Mulliken</Entry>
                            </WaNoDropDown>
                            <WaNoBool name="D3(BJ) Dispersion Correction">False</WaNoBool>
                            <WaNoDropDown name="Functional">
                                <Entry id="0">B1LYP</Entry>
                                <Entry id="1">B2GPPLYP</Entry>
                                <Entry id="2">B2PLYP</Entry>
                                <Entry id="3">B3LYP</Entry>
                                <Entry id="4">BLYP</Entry>
                                <Entry id="5" chosen="True">BP86</Entry>
                                <Entry id="6">CAM-B3LYP</Entry>
                                <Entry id="7">HSE06</Entry>
                                <Entry id="8">M11</Entry>
                                <Entry id="9">M11-L</Entry>
                                <Entry id="10">PBE</Entry>
                                <Entry id="11">REVPBE</Entry>
                                <Entry id="12">PBE0</Entry>
                                <Entry id="13">REVPBE0</Entry>
                                <Entry id="14">PW91</Entry>
                                <Entry id="15">TPSS</Entry>
                                <Entry id="16">TPSSH</Entry>
                                <Entry id="17">REVTPSSH</Entry>
                                <Entry id="18">WPBE</Entry>
                                <Entry id="19">X3LYP</Entry>
                                <Entry id="20">XLYP</Entry>
                            </WaNoDropDown>
                            <WaNoDropDown name="Basis">
                                <Entry id="0" chosen="True">STO-3G</Entry>
                                <Entry id="1">3-21G</Entry>
                                <Entry id="2">6-31G</Entry>
                                <Entry id="3">6-31G*</Entry>
                                <Entry id="4">6-31G**</Entry>
                                <Entry id="5">6-31+G</Entry>
                                <Entry id="6">6-31+G*</Entry>
                                <Entry id="7">6-31+G**</Entry>
                                <Entry id="8">6-31++G</Entry>
                                <Entry id="9">6-31++G*</Entry>
                                <Entry id="10">6-31++G**</Entry>
                                <Entry id="11">6-311G</Entry>
                                <Entry id="12">6-311G*</Entry>
                                <Entry id="13">6-311G**</Entry>
                                <Entry id="14">6-311+G</Entry>
                                <Entry id="15">6-311+G*</Entry>
                                <Entry id="16">6-311+G**</Entry>
                                <Entry id="17">6-311++G</Entry>
                                <Entry id="18">6-311++G*</Entry>
                                <Entry id="19">6-311++G**</Entry>
                                <Entry id="20">def2-SV(P)</Entry>
                                <Entry id="21">def2-SVP</Entry>
                                <Entry id="22">def2-TZVP</Entry>
                                <Entry id="23">def2-TZVPP</Entry>
                                <Entry id="24">def2-QZVP</Entry>
                                <Entry id="25">def2-QZVPP</Entry>
                                <Entry id="26">cc-pVDZ</Entry>
                                <Entry id="27">cc-pVTZ</Entry>
                                <Entry id="28">cc-pVQZ</Entry>
                                <Entry id="29">aug-cc-pVDZ</Entry>
                                <Entry id="30">aug-cc-pVTZ</Entry>
                                <Entry id="31">aug-cc-pVQZ</Entry>
                            </WaNoDropDown>
                            <WaNoInt name="Threads">1</WaNoInt>
                            <WaNoInt name="Memory (MB)">1500</WaNoInt>
                        </WaNoDictBox>
                        <WaNoDictBox visibility_condition="'%s' == 'DFTB+'" visibility_var_path="Tabs.Engines.DFT Engines.{{ path[3] }}.Engine" name="DFTB+ Settings">
                            <WaNoDropDown name="Partial Charge Method">
                                <Entry id="0" chosen="True">CM5</Entry>
                                <Entry id="1">Mulliken</Entry>
                            </WaNoDropDown>
                            <WaNoBool name="D3(BJ) Dispersion Correction">False</WaNoBool>
                            <WaNoInt name="Threads">1</WaNoInt>
                            <WaNoInt name="Memory (MB)">1500</WaNoInt>
                        </WaNoDictBox>
                        <WaNoDictBox visibility_condition="'%s' == 'XTBEngine'" visibility_var_path="Tabs.Engines.DFT Engines.{{ path[3] }}.Engine" name="XTBEngine Settings">
                            <WaNoDropDown name="Partial Charge Method">
                                <Entry id="0" chosen="True">CM5</Entry>
                                <Entry id="1">Mulliken</Entry>
                            </WaNoDropDown>
                            <WaNoInt name="Threads">1</WaNoInt>
                            <WaNoInt name="Memory (MB)">1500</WaNoInt>
                        </WaNoDictBox>
                    </Entry>              
                </WaNoMultipleOf>
            </WaNoGroup>
            <WaNoGroup name="Shells">
                <WaNoDictBox name="Core Shell">
                    <WaNoInt name="Screened Iterations">7</WaNoInt>
                    <WaNoDropDown name="Inner Part Method">
                        <Entry id="0">Inner Box Cutoff</Entry>
                        <Entry id="1" chosen="True">Number of Molecules</Entry>
                        <Entry id="2">list of Molecule IDs</Entry>
                        <Entry id="3">Number of Random Pairs</Entry>
                        <Entry id="4">Number of Random Crosspairs</Entry>
                        <Entry id="5">Number of Molecules of each Type</Entry>
                    </WaNoDropDown>
                    <WaNoDictBox visibility_condition="'%s' == 'Inner Box Cutoff'" visibility_var_path="Tabs.Shells.Core Shell.Inner Part Method" name="Inner Box Cutoff">
                        <WaNoFloat name="Cutoff x direction">10.0</WaNoFloat>
                        <WaNoFloat name="Cutoff y direction">10.0</WaNoFloat>
                        <WaNoFloat name="Cutoff z direction">10.0</WaNoFloat>
                    </WaNoDictBox>
                    <WaNoString visibility_condition="'%s' == 'list of Molecule IDs'" visibility_var_path="Tabs.Shells.Core Shell.Inner Part Method" name="list of Molecule IDs">molstate.0: 0-55;77;263 | molstate.1: 43;57;79-100</WaNoString>
                    <WaNoInt visibility_condition="'Number' in '%s'" visibility_var_path="Tabs.Shells.Core Shell.Inner Part Method" name="Number of Molecules">300</WaNoInt>
                    <WaNoString visibility_condition="'%s' != 'Polarized'" visibility_var_path="Tabs.General.General Settings.QuantumPatch Type" name="Default Molecular States">0;1</WaNoString>
                    <WaNoDynamicDropDown name="Used Engine" collection_path="Tabs.Engines.DFT Engines" subpath="Name" chosen="0"/>
                    <WaNoBool name="Different Engine on Last Iteration">False</WaNoBool>
                    <WaNoDynamicDropDown name="Last Iteration Engine" collection_path="Tabs.Engines.DFT Engines" subpath="Name" chosen="0" visibility_condition="%s == True" visibility_var_path="Tabs.Shells.Core Shell.Different Engine on Last Iteration"/>
                </WaNoDictBox>
                <WaNoMultipleOf name="Outer Shells">
                    <Entry id="0">
                        <WaNoDictBox name="Shell">
                            <WaNoDynamicDropDown name="Used Engine" collection_path="Tabs.Engines.DFT Engines" subpath="Name" chosen="0"/>
                            <WaNoDropDown name="Shelltype">
                                <Entry id="0" chosen="True">dynamic</Entry>
                                <Entry id="1">static</Entry>
                            </WaNoDropDown>
                            <WaNoFloat name="Cutoff Radius">15.0</WaNoFloat>
                            <WaNoBool name="Different Engine on Last Iteration">False</WaNoBool>
                            <WaNoDynamicDropDown name="Last Iteration Engine" collection_path="Tabs.Engines.DFT Engines" subpath="Name" chosen="0" visibility_condition="%s == True" visibility_var_path="Tabs.Shells.Core Shell.Different Engine on Last Iteration"/>
                        </WaNoDictBox>
                    </Entry>
                    <Entry id="1">
                        <WaNoDictBox name="Shell">
                            <WaNoDynamicDropDown name="Used Engine" collection_path="Tabs.Engines.DFT Engines" subpath="Name" chosen="2"/>
                            <WaNoDropDown name="Shelltype">
                                <Entry id="0" chosen="True">dynamic</Entry>
                                <Entry id="1">static</Entry>
                            </WaNoDropDown>
                            <WaNoFloat name="Cutoff Radius">25.0</WaNoFloat>
                            <WaNoBool name="Different Engine on Last Iteration">False</WaNoBool>
                            <WaNoDynamicDropDown name="Last Iteration Engine" collection_path="Tabs.Engines.DFT Engines" subpath="Name" chosen="0" visibility_condition="%s == True" visibility_var_path="Tabs.Shells.Core Shell.Different Engine on Last Iteration"/>
                        </WaNoDictBox>
                    </Entry>
                <Entry id="2">
                        <WaNoDictBox name="Shell">
                            <WaNoDynamicDropDown name="Used Engine" collection_path="Tabs.Engines.DFT Engines" subpath="Name" chosen="2"/>
                            <WaNoDropDown name="Shelltype">
                                <Entry id="0">dynamic</Entry>
                                <Entry id="1" chosen="True">static</Entry>
                            </WaNoDropDown>
                            <WaNoFloat name="Cutoff Radius">60.0</WaNoFloat>
                            <WaNoBool name="Different Engine on Last Iteration">False</WaNoBool>
                            <WaNoDynamicDropDown name="Last Iteration Engine" collection_path="Tabs.Engines.DFT Engines" subpath="Name" chosen="0" visibility_condition="%s == True" visibility_var_path="Tabs.Shells.Core Shell.Different Engine on Last Iteration"/>
                        </WaNoDictBox>
                    </Entry>
                    </WaNoMultipleOf>
            </WaNoGroup>
            <WaNoGroup name="LambdaEAIP">
                <WaNoDictBox visibility_condition="%s == True" visibility_var_path="Tabs.General.General Settings.Include in-vacuo Lambda/EA/IP Calculation" name="Settings">
                    <WaNoBool name="Calculate Lambda">True</WaNoBool>
                    <WaNoDropDown name="Lambda Type" visibility_condition="%s == True" visibility_var_path="Tabs.LambdaEAIP.Settings.Calculate Lambda">
                        <Entry id="0" chosen="True">Both</Entry>
                        <Entry id="1">Hole</Entry>
                        <Entry id="2">Electron</Entry>
                    </WaNoDropDown>
                    <WaNoBool name="Calculate EA">False</WaNoBool>
                    <WaNoBool name="Calculate IP">False</WaNoBool>
                    <WaNoBool name="Vertical EA/IP">False</WaNoBool>
                <WaNoDynamicDropDown name="Engine for Geometry Optimizations" collection_path="Tabs.Engines.DFT Engines" subpath="Name" chosen="2"/>
                <WaNoDynamicDropDown name="Engine for Single Points" collection_path="Tabs.Engines.DFT Engines" subpath="Name" chosen="0"/>
                </WaNoDictBox>
            </WaNoGroup>
            <WaNoGroup name="Post processing">
                <WaNoBool visibility_condition="%s == True" visibility_var_path="Tabs.General.General Settings.Run QuantumPatch" name="Compute excion disorder in last iteration">False</WaNoBool>
                <WaNoBool visibility_condition="%s == True" visibility_var_path="Tabs.General.General Settings.Run QuantumPatch" name="Predict coulomb binding energy distribution">False</WaNoBool>
                <WaNoDictBox visibility_condition="%s == True" visibility_var_path="Tabs.Post processing.Predict coulomb binding energy distribution" name="Coulomb binding energy settings">
                        <WaNoInt name="number of centers for charged run">10</WaNoInt>
                        <WaNoFloat name="permittivity">3.0</WaNoFloat>
                </WaNoDictBox>

                <WaNoBool visibility_condition="%s == True" visibility_var_path="Tabs.General.General Settings.Run QuantumPatch" name="Predict site energy distribution">False</WaNoBool>
                <WaNoDictBox visibility_condition="%s == True" visibility_var_path="Tabs.Post processing.Predict site energy distribution" name="Site energy prediction settings">
                    <WaNoFile visibility_condition="%s == True" visibility_var_path="Tabs.Post processing.Predict site energy distribution" logical_filename="structure.cml" name="non PBC Structure" local="True">Put .cml file here</WaNoFile>
                    <WaNoDictBox visibility_condition="%s == True" visibility_var_path="Tabs.Post processing.Predict site energy distribution" name="Periodic copies">
                        <WaNoInt name="x">2</WaNoInt>
                        <WaNoInt name="y">2</WaNoInt>
                        <WaNoInt name="z">2</WaNoInt>
                    </WaNoDictBox>
                    <WaNoBool visibility_condition="%s == True" visibility_var_path="Tabs.Post processing.Predict site energy distribution" name="z Rotation">True</WaNoBool>
                    <WaNoDictBox visibility_condition="%s == True" visibility_var_path="Tabs.Post processing.Predict site energy distribution" name="ESP average options">
                        <WaNoInt visibility_condition="%s == True" visibility_var_path="Tabs.Post processing.Predict site energy distribution" name="Coulomb cutoff">25</WaNoInt>
                        <WaNoBool visibility_condition="%s == True" visibility_var_path="Tabs.Post processing.Predict site energy distribution" name="Include copies for evironment in z-direction">True</WaNoBool>
                        <WaNoBool visibility_condition="%s == True" visibility_var_path="Tabs.Post processing.Predict site energy distribution" name="Distance binning">True</WaNoBool>
                        <WaNoFloat visibility_condition="%s == True" visibility_var_path="Tabs.Post processing.Site energy prediction settings.ESP average options.Distance binning" name="Bins per nanometer">1.7</WaNoFloat>
                    </WaNoDictBox>
                </WaNoDictBox>
            </WaNoGroup>
            </WaNoTabs>
    </WaNoRoot>
    <WaNoExecCommand>bash ./init.sh</WaNoExecCommand>
    <WaNoInputFiles>
        <WaNoInputFile logical_filename="init.sh">init.sh</WaNoInputFile>
        <WaNoInputFile logical_filename="init_lambda.py">init_lambda.py</WaNoInputFile>
        <WaNoInputFile logical_filename="init_quantumpatch.py">init_quantumpatch.py</WaNoInputFile>
        <WaNoInputFile logical_filename="qp_settings_template.yml">qp_settings_template.yml</WaNoInputFile>
        <WaNoInputFile logical_filename="report_template.body">report_template.body</WaNoInputFile>
    </WaNoInputFiles>
    <WaNoOutputFiles>
        <WaNoOutputFile>Analysis.zip</WaNoOutputFile>
        <WaNoOutputFile>Analysis/GSP/partial_charges.yml</WaNoOutputFile>
        <WaNoOutputFile>Analysis/GSP/core_shell.cml</WaNoOutputFile>
        <WaNoOutputFile>output_dict.yml</WaNoOutputFile>
    </WaNoOutputFiles>
</WaNoTemplate>
