<WaNoTemplate>
    <WaNoRoot name="Parametrizer3">
        <WaNoDictBox name="Molecule Settings">
            <WaNoFile logical_filename="input_molecule.mol2" name="Molecule (Mol2)" local="True">Mol2 input file</WaNoFile>
            <WaNoThreeRandomLetters name="Molecule Identifier">HEX</WaNoThreeRandomLetters>
            <WaNoBool name="Optimize Molecule">True</WaNoBool>
            <WaNoInt name="Charge">0.0</WaNoInt>
            <WaNoDropDown name="Multiplicity">
                <Entry id="0" chosen="True">1</Entry>
                <Entry id="1"> 2</Entry>
                <Entry id="2"> 3</Entry>
            </WaNoDropDown>
            <WaNoInt name="Excited State of Interest">0.0</WaNoInt>
             <WaNoBool visibility_condition="%s &gt;=1 " visibility_var_path="Molecule Settings.Excited State of Interest" name="Calculate UV/VIS spectrum">False</WaNoBool>
        </WaNoDictBox>
        <WaNoDictBox name="DFT Engine">
            <WaNoDropDown name="Engine">
                <Entry id="0" chosen="True">Turbomole</Entry>
                <Entry id="1">Psi4</Entry>
                <Entry id="2">DFTB+</Entry>
                <Entry id="3">XTB</Entry>
            </WaNoDropDown>
            <WaNoDictBox visibility_condition="'%s' == 'Turbomole'" visibility_var_path="DFT Engine.Engine" name="Turbomole Settings">
                <WaNoDropDown name="Partial Charge Method">
                    <Entry id="0" chosen="True">ESP</Entry>
                    <Entry id="1">Mulliken</Entry>
                    <Entry id="2">No Charges</Entry>
                </WaNoDropDown>
                <WaNoInt visibility_condition="%s &gt;=1 " visibility_var_path="Molecule Settings.Excited State of Interest" name="excited_state_multiplicity">1</WaNoInt>
                <WaNoBool name="cosmo">False</WaNoBool>                
                <WaNoFloat visibility_condition="%s == True" visibility_var_path="DFT Engine.Turbomole Settings.cosmo" name="Epsilon">4.0</WaNoFloat>
                <WaNoBool name="D3(BJ) Dispersion Correction">False</WaNoBool>
                <WaNoBool name="TD-DFT with TAMM-Dancoff Approximation">False</WaNoBool>
                <WaNoBool name="static_polarizability">False</WaNoBool>
                <WaNoDropDown name="Functional">
                    <Entry id="0">SVWN</Entry>
                    <Entry id="1">SVWN_Gaussian</Entry>
                    <Entry id="2">PWLDA</Entry>
                    <Entry id="3">BLYP</Entry>
                    <Entry id="4">BVWN</Entry>
                    <Entry id="5">BP86</Entry>
                    <Entry id="6">PBE</Entry>
                    <Entry id="7">TPSS</Entry>
                    <Entry id="8">BHLYP</Entry>
                    <Entry id="9" chosen="True">B3LYP</Entry>
                    <Entry id="10">B3LYP_Gaussian</Entry>
                    <Entry id="11">PBE0</Entry>
                    <Entry id="12">TPSSH</Entry>
                    <Entry id="13">PW6B95</Entry>
                    <Entry id="14">M06</Entry>
                    <Entry id="15">M06-1</Entry>
                    <Entry id="16">M06-2X</Entry>
                    <Entry id="17">B2PLYP</Entry>
                    <Entry id="18">wB97</Entry>
                    <Entry id="19">wB97X</Entry>
                    <Entry id="20">CAM-B3LYP</Entry>
                    <Entry id="21">M11</Entry>
                    <Entry id="22">LH14T-CALPBE</Entry>
                    <Entry id="23">REVM11</Entry>
                    <Entry id="24">REVTPSS</Entry>
                    <Entry id="25">pno-CCSD</Entry>
                    <Entry id="26">pno-CCSD(T0)</Entry>
                    <Entry id="27">pno-CCSD(T)</Entry>
                    <Entry id="28">wB97X-D</Entry>
                    <Entry id="29">wB97X-V</Entry>
                    <Entry id="30">wB97M-V</Entry>
                    <Entry id="31">MN12-SX</Entry>
                    <Entry id="32">MN15</Entry>
                    <Entry id="33">MN15-l</Entry>             
                    <Entry id="34">wPBEH_own</Entry> 
                    <Entry id="35">wPBE_own</Entry> 
                    <Entry id="36">CAM-B3LYP_own</Entry> 
                    <Entry id="37">ADC(2)</Entry> 
                </WaNoDropDown>
                <WaNoDropDown name="Basis">
                    <Entry id="0">STO-3G</Entry>
                    <Entry id="1">4-31g hondo</Entry>
                    <Entry id="2">6-31g hondo</Entry>
                    <Entry id="3">3-21g hondo</Entry>
                    <Entry id="4">6-31G</Entry>
                    <Entry id="5">6-31G*</Entry>
                    <Entry id="6">6-31G**</Entry>
                    <Entry id="7">6-311G</Entry>
                    <Entry id="8">6-311G*</Entry>
                    <Entry id="9">6-311G**</Entry>
                    <Entry id="10">6-311++G**</Entry>
                    <Entry id="11">DZ</Entry>
                    <Entry id="12">DZP</Entry>
                    <Entry id="13">TZ</Entry>
                    <Entry id="14">TZP</Entry>
                    <Entry id="15">TZV</Entry>
                    <Entry id="16">TZVP</Entry>
                    <Entry id="17">TZVPP</Entry>
                    <Entry id="18">TZVPPP</Entry>
                    <Entry id="19">QZV</Entry>
                    <Entry id="20">QZVP</Entry>
                    <Entry id="21">SV</Entry>
                    <Entry id="22">SVP</Entry>
                    <Entry id="23">SV(P)</Entry>
                    <Entry id="24">def-SVP</Entry>
                    <Entry id="25">def-SV(P)</Entry>
                    <Entry id="26">def-TZVP</Entry>
                    <Entry id="27">def-TZVPP</Entry>
                    <Entry id="28">def-QZVP</Entry>
                    <Entry id="29">def-QZVPP</Entry>
                    <Entry id="30" chosen="True">def2-SVP</Entry>
                    <Entry id="31">def2-SV(P)</Entry>
                    <Entry id="32">def2-TZVP</Entry>
                    <Entry id="33">def2-TZVPP</Entry>
                    <Entry id="34">def2-SZVPD</Entry>
                    <Entry id="35">def2-TZVPD</Entry>
                    <Entry id="36">def2-TZVPPD</Entry>
                    <Entry id="37">def2-QZVPD</Entry>
                    <Entry id="38">def2-QZVPPD</Entry>
                    <Entry id="39">dhf-SV(P)</Entry>
                    <Entry id="40">dhf-SVP</Entry>
                    <Entry id="41">dhf-TZVP</Entry>
                    <Entry id="42">dhf-TZVPP</Entry>
                    <Entry id="43">dhf-QZVP</Entry>
                    <Entry id="44">dhf-QZVPP</Entry>
                    <Entry id="45">cc-pVDZ</Entry>
                    <Entry id="46">aug-cc-pVDZ</Entry>
                    <Entry id="47">cc-pwVDZ</Entry>
                    <Entry id="48">aug-cc-pwVDZ</Entry>
                    <Entry id="49">cc-pVTZ</Entry>
                    <Entry id="50">aug-cc-pVTZ</Entry>
                    <Entry id="51">cc-pwVTZ</Entry>
                    <Entry id="52">aug-cc-pwVTZ</Entry>
                    <Entry id="53">cc-pVQZ</Entry>
                    <Entry id="54">aug-cc-pVQZ</Entry>
                    <Entry id="55">cc-pwVQZ</Entry>
                    <Entry id="56">aug-cc-pwVQ</Entry>
                </WaNoDropDown>
                <WaNoDropDown visibility_condition="%s == True" visibility_var_path="Molecule Settings.Optimize Molecule" name="Preoptimization">
                    <Entry id="0" chosen="True">DFTB</Entry>
                    <Entry id="1">XTB</Entry>
                    <Entry id="2">None</Entry>
                </WaNoDropDown>
                <WaNoDropDown name="SCF Convergence">
                    <Entry id="0" chosen="True">normal</Entry>
                    <Entry id="1">tight</Entry>
                    <Entry id="2">extreme</Entry>
                    <Entry id="3">superextreme</Entry>
                </WaNoDropDown>
                <WaNoDropDown name="Geometry Convergence">
                    <Entry id="0" chosen="True">normal</Entry>
                    <Entry id="1">tight</Entry>
                    <Entry id="2">extreme</Entry>
                </WaNoDropDown>
                <WaNoDropDown name="Analysis options">
                    <Entry id="0">Estimate electrostatic disorder</Entry>
                    <Entry id="1">Generate ESP surface plot</Entry>
                    <Entry id="2">Generate orbital plots</Entry>
                    <Entry id="3" chosen="True">None</Entry>
                </WaNoDropDown>
                <WaNoBool visibility_condition="'%s' in ['wPBE_own','wPBEH_own','CAM-B3LYP_own']" visibility_var_path="DFT Engine.Turbomole Settings.Functional" name="use default range sep values">True</WaNoBool>
                <WaNoDictBox visibility_condition="%s == False" visibility_var_path="DFT Engine.Turbomole Settings.use default range sep values" name="rangesep">
                    <WaNoFloat name="alpha">0.0</WaNoFloat>
                    <WaNoFloat name="beta">1.0</WaNoFloat>
                    <WaNoFloat visibility_condition="%s == False" visibility_var_path="DFT Engine.Turbomole Settings.w_fit.do_w_fit" name="w">0.1</WaNoFloat>
                </WaNoDictBox>
            <WaNoDictBox visibility_condition="%s == False" visibility_var_path="DFT Engine.Turbomole Settings.use default range sep values" name="w_fit">
                <WaNoBool name="do_w_fit">False</WaNoBool>
                <WaNoDropDown visibility_condition="%s == True" visibility_var_path="DFT Engine.Turbomole Settings.w_fit.do_w_fit" name="fit_to">
                    <Entry id="0" chosen="True">EA</Entry>
                    <Entry id="1">IP</Entry>
                    <Entry id="2">T1</Entry>
                    <Entry id="3">ADC(2)</Entry>
                </WaNoDropDown>
                <WaNoBool name="no_cosmo">False</WaNoBool>
            </WaNoDictBox>
                </WaNoDictBox>
            <WaNoDictBox visibility_condition="'%s' == 'Psi4'" visibility_var_path="DFT Engine.Engine" name="Psi4 Settings">
                <WaNoDropDown name="Partial Charge Method">
                    <Entry id="0" chosen="True">ESP</Entry>
                    <Entry id="1">Mulliken</Entry>
                </WaNoDropDown>
                <WaNoBool name="D3(BJ) Dispersion Correction">False</WaNoBool>
                <WaNoDropDown name="Functional">
                    <Entry id="0">B1LYP</Entry>
                    <Entry id="1">B2GPPLYP</Entry>
                    <Entry id="2">B2PLYP</Entry>
                    <Entry id="3">B3LYP</Entry>
                    <Entry id="4">BLYP</Entry>
                    <Entry id="5" chosen="True">BP86</Entry>
                    <Entry id="6">CAM-B3LYP</Entry>
                    <Entry id="7">HSE06</Entry>
                    <Entry id="8">M11</Entry>
                    <Entry id="9">M11-L</Entry>
                    <Entry id="10">PBE</Entry>
                    <Entry id="11">REVPBE</Entry>
                    <Entry id="12">PBE0</Entry>
                    <Entry id="13">REVPBE0</Entry>
                    <Entry id="14">PW91</Entry>
                    <Entry id="15">TPSS</Entry>
                    <Entry id="16">TPSSH</Entry>
                    <Entry id="17">REVTPSSH</Entry>
                    <Entry id="18">WPBE</Entry>
                    <Entry id="19">X3LYP</Entry>
                    <Entry id="20">XLYP</Entry>
                </WaNoDropDown>
                <WaNoDropDown name="Basis">
                    <Entry id="0" chosen="True">STO-3G</Entry>
                    <Entry id="1">3-21G</Entry>
                    <Entry id="2">6-31G</Entry>
                    <Entry id="3">6-31G*</Entry>
                    <Entry id="4">6-31G**</Entry>
                    <Entry id="5">6-31+G</Entry>
                    <Entry id="6">6-31+G*</Entry>
                    <Entry id="7">6-31+G**</Entry>
                    <Entry id="8">6-31++G</Entry>
                    <Entry id="9">6-31++G*</Entry>
                    <Entry id="10">6-31++G**</Entry>
                    <Entry id="11">6-311G</Entry>
                    <Entry id="12">6-311G*</Entry>
                    <Entry id="13">6-311G**</Entry>
                    <Entry id="14">6-311+G</Entry>
                    <Entry id="15">6-311+G*</Entry>
                    <Entry id="16">6-311+G**</Entry>
                    <Entry id="17">6-311++G</Entry>
                    <Entry id="18">6-311++G*</Entry>
                    <Entry id="19">6-311++G**</Entry>
                    <Entry id="20">def2-SV(P)</Entry>
                    <Entry id="21">def2-SVP</Entry>
                    <Entry id="22">def2-TZVP</Entry>
                    <Entry id="23">def2-TZVPP</Entry>
                    <Entry id="24">def2-QZVP</Entry>
                    <Entry id="25">def2-QZVPP</Entry>
                    <Entry id="26">cc-pVDZ</Entry>
                    <Entry id="27">cc-pVTZ</Entry>
                    <Entry id="28">cc-pVQZ</Entry>
                    <Entry id="29">aug-cc-pVDZ</Entry>
                    <Entry id="30">aug-cc-pVTZ</Entry>
                    <Entry id="31">aug-cc-pVQZ</Entry>
                </WaNoDropDown>
                <WaNoDropDown name="SCF Convergence">
                    <Entry id="0" chosen="True">normal</Entry>
                    <Entry id="1">tight</Entry>
                    <Entry id="2">extreme</Entry>
                    <Entry id="3">superextreme</Entry>
                </WaNoDropDown>
                <WaNoDropDown name="Geometry Convergence">
                    <Entry id="0" chosen="True">normal</Entry>
                    <Entry id="1">tight</Entry>
                    <Entry id="2">extreme</Entry>
                </WaNoDropDown>
                <WaNoDropDown name="Preoptimization">
                    <Entry id="0" chosen="True">DFTB</Entry>
                    <Entry id="1">XTB</Entry>
                    <Entry id="2">None</Entry>
                </WaNoDropDown>            
            </WaNoDictBox>
            <WaNoDictBox visibility_condition="'%s' == 'DFTB+'" visibility_var_path="DFT Engine.Engine" name="DFTB+ Settings">
                <WaNoDropDown name="Partial Charge Method">
                    <Entry id="0" chosen="True">CM3</Entry>
                    <Entry id="1">Mulliken</Entry>
                </WaNoDropDown>
                <WaNoBool name="D3(BJ) Dispersion Correction">False</WaNoBool>
            </WaNoDictBox>
            <WaNoDictBox visibility_condition="'%s' == 'XTB'" visibility_var_path="DFT Engine.Engine" name="XTB Settings">
                    <WaNoDropDown name="Partial Charge Method">
                        <Entry id="0">Mulliken</Entry>
                        <Entry id="1" chosen="True">CM5</Entry>
                    </WaNoDropDown>
                    <WaNoDropDown name="Geometry Convergence">
                        <Entry id="0">crude</Entry>
                        <Entry id="1" chosen="True">normal</Entry>
                        <Entry id="2">tight</Entry>
                    </WaNoDropDown>
                    <WaNoDropDown name="Optimization Cycles">
                        <Entry id="0">1000</Entry>
                        <Entry id="1" chosen="True">2000</Entry>
                        <Entry id="2">5000</Entry>
                    </WaNoDropDown>
                    <WaNoDropDown name="GFN">
                        <Entry id="0">1</Entry>
                        <Entry id="1" chosen="True">2</Entry>
                    </WaNoDropDown>
            </WaNoDictBox>
        </WaNoDictBox>
    </WaNoRoot>
 <WaNoExecCommand>
#!/bin/bash

export NANOVER="V4"
source $NANOMATCH/$NANOVER/configs/parametrizer.config


/usr/bin/env python3 init_parametrizer.py

echo "Running $NANOMATCH/$NANOVER/QuantumPatch/MolecularTools/Parametrizer.py"
$NANOMATCH/$NANOVER/QuantumPatch/MolecularTools/Parametrizer.py
add_dihedral_angles.sh output_molecule.mol2 molecule.spf

zip report.zip output_molecule.mol2 molecule.pdb molecule.spf
# cp rendered_wano.yml output_dict.yml
cat mol_data.yml &gt;&gt; output_dict.yml

obabel -imol2 output_molecule.mol2 -osvg &gt; output_molecule.svg


</WaNoExecCommand>
 <WaNoInputFiles>
   <WaNoInputFile logical_filename="init_parametrizer.py">init_parametrizer.py</WaNoInputFile>
   <WaNoInputFile logical_filename="merge_dh.py">merge_dh.py</WaNoInputFile>
   <WaNoInputFile logical_filename="report_template.body">report_template.body</WaNoInputFile>
 </WaNoInputFiles>
 <WaNoOutputFiles>
    <WaNoOutputFile>report.zip</WaNoOutputFile>
    <WaNoOutputFile>molecule.spf</WaNoOutputFile>
    <WaNoOutputFile>molecule.pdb</WaNoOutputFile>
    <WaNoOutputFile>output_molecule.mol2</WaNoOutputFile>
    <WaNoOutputFile>mol_data.yml</WaNoOutputFile>
    <WaNoOutputFile>output_dict.yml</WaNoOutputFile>
 </WaNoOutputFiles>
</WaNoTemplate>
